targeted_gene_name,gRNA
Actl6a,AGCCGTGGGGAAATCAACCT
Actl6a,ACTGCGATTCCAGTCCACGA
Actl6a,GAAAACGTACTGTTCGTCGT
Asf1a,TCTGGGATGAGTCCTGCATT
Asf1a,CTGATTACTTGCACCTACCG
Asf1a,AACGGGTTGTAGAAAGGCGA
Asf1b,TCAGATCCTAGATTCAGTGC
Asf1b,GATCAGCTTCGAATGCAGTG
Asf1b,GAGTGGAAGATCATTTATGT
Ash2l,TGCAATGTGTGCCATCACAG
Ash2l,GCTCCGGAGAGGCCGAAAGT
Ash2l,TTACACACCTCGATCATGTA
Bcl2,ACATCTCTGCGAAGTCACGA
Bcl2,TGTCACAGAGGGGCTACGAG
Bcl2,ACCTGACGCCCTTCACCGCG
Brd1,ATGAACTTGTAGTACACAGG
Brd1,TCATTGTAGCAAAGTCCATG
Brd8,GGTGGCACAAGCTTAACTGG
Brd8,GAAGTCTCCATACCAGTCTG
Brd8,TTCCACCTTAATCTCAACAC
Brpf1,ATACCCCTGACGCACCACCC
Brpf1,CCACAAGGCACACACCACGT
Brpf1,CTTCATCCACTAGTGCATTG
Brpf3,CCAGATGGCGCAGACTACGT
Brpf3,TCGCAAGACTGCGTATTGTG
Brpf3,TCTGGGTGATTCGGGCAAGT
Cdca5,GGACACTACAAGTCTTGAAG
Cdca5,AAGTCAGGCGGTCGTACAGT
Cdca5,TAGGACTTCTTCGAACCGTG
Cxxc1,CCGACAGTACCATTCCCGGA
Cxxc1,AAACGATCAGCTCGGATGTG
Cxxc1,TCTGAACAATACTTGGACCC
Dmap1,CGAAGCGCAGATCAAATCGG
Dmap1,GCCTGGCACAGCCCTCACGT
Dmap1,GGACAGTGAAGGCGAAACTG
Dnmt3b,TGGTAGCCGGAAACTCCACA
Dnmt3b,CAGCCTTCTGAATTACACGC
Dnmt3b,GGAGGGTATGGATACCACAC
Dot1l,GCTGTGTGACAAATACAACC
Dot1l,GGGAACGGATCGCCAACACG
Dot1l,TAGGTTAGCCTTGTACTGCG
Dpy30,AGAAAAGTCATCGAAACAGA
Dpy30,CGGGCTCACAGACAGCGTTG
Dpy30,TGAGCCCGTACTCAGAGTGA
Eed,CAGCAACTGCTAATAGAGGG
Eed,ACTCTTGTGGCAATATTCGG
Eed,ACAAATACGCCAAATGCACC
Ep400,AGAAGACTGTCCTAGTGACA
Ep400,GGGCGGCCTCGCGACCCACA
Ep400,GCAGAGAAAGTAGCAATCGG
Epc1,CTATGAGTCCATATACCCTG
Epc1,TATCGACTAGTATCTGACTG
Epc1,TGTTAGTAATCGGGATGATG
Epc2,TATCATTTGGGAGACTATGG
Epc2,TAAAGCTGTATATGACTACT
Epc2,CTTTCAAAGACAAATGATGA
Hcfc1,GGTACCCTTCACAACCAATG
Hcfc1,ACAGCAGTATGTGACTCCCG
Hcfc1,CCCAAGGTTAGCCACAACAG
Hcfc2,CAAGTGGGATGAAGTGCCGA
Hcfc2,GCTGATGATCATCTTCGGCG
Hcfc2,GTTTAGGTAAGAAAACGAGC
Ing3,CAAAGAAGAATAAACCCGAG
Ing3,TGAGCGTGGTGATTGTTCAC
Ing3,GAGCTGGAAGCCGATAATGC
Ing4,AGGTAGACAAACACATTCGG
Ing4,GGCGCTACTCATATATTCAG
Ing4,GAGAAACTTTCAGCTCATGA
Ing5,TATCCTCTTCTGACGTCCGC
Ing5,TGACGAGAGAGTCTTCACTG
Ing5,CTAGACCAGAGAACAGAAGG
Jade1,CCTCTGCAATGAGAAATTCG
Jade1,TAGTCTGGAGCCGAATCGAG
Jade1,ATCGACGTAGCCTAACGCTG
Jade2,TGAGATCGATGCGTACTGGT
Jade2,GTTGACGCCCAAGACTGACG
Jade2,AGCTGCCCGTAGGCACCTTG
Jade3,GAACCATGCTATTGAAACAG
Jade3,CCATATCCCACCTAGCCGGT
Jade3,TGAGAATGTTTATGCATCTG
Kat5,CCAAGACCCCTCATACCAAG
Kat5,ATGAATGGGTGACTCACGAG
Kat5,CAGGTAGAGGACGGGTAGCG
Kat6a,ATTGGTGGCGAGTTTGACCG
Kat6a,TGCGGAAGTCCAGCATTCGT
Kat6a,GCTTCCACACGAGAAAGACA
Kat6b,TTGCGTAGATCATTACACGG
Kat6b,TCCCGAACTCTATTACTGAG
Kat6b,AAAGGGGTCGTAAACGCAGG
Kat7,CCTATCCTGAGGAATATGCG
Kat7,GACTCGGGCAGATCGGCGCG
Kat7,GATGAGCGAGTCTGTCGAAG
Kat8,CTGACAGAAGTAGATAGGCA
Kat8,CCTAACAGTTAACAGGCGAC
Kat8,TATGTAGACAAGATCCACAT
Kdm1a,TCAACTTCGGCATCTACAAG
Kdm1a,GCTGGTCCGTCGGCCCTCCG
Kdm1a,TCTAACAAACAGGATCGAGT
Kdm1b,CAACACAGGCGTTCTCACGG
Kdm1b,AAAATGGTTACACCTCCCGA
Kdm1b,GGGGAAAGAACAATGATCGG
Kdm2b,GGGGGACGTTTGAAGCGACG
Kdm2b,CCATGCGGTTTATACGCCTG
Kdm2b,GCGCTACTACGAGACACCAG
Kdm3a,GCTTGGACCCATCTACTCAG
Kdm3a,AAGTATGACAGTGAAGCGAT
Kdm3a,AGGGGAACTTTGCTGGACCA
Kdm4a,GATCTTGCGGAACTCACGAA
Kdm4a,CTTCAAATTTGACTTCAGTG
Kdm4a,AAGCACGCTCACCTGATGGT
Kdm4b,AGCCCGCATGGTAACCATAG
Kdm4b,AGCCGAGAGGAAGTTCAATG
Kdm4b,ATGTCATCATACGTCTGCCG
Kdm4c,GTGCACTTGTCGGAATGACA
Kdm4c,CTGGCCGGAGGCTTACCAAG
Kdm4c,TTTGGATACCAGGATACAAG
Kdm4d,AGCCTGAGCGATATGAACTG
Kdm4d,TTGATGGGAAGACTCAACAG
Kdm4d,AGCCATGGTTGAAGCCCGCG
Kdm5a,AGTGTGTAAATCACTATCGA
Kdm5a,GAAGGTCTTCTAGTGGATAG
Kdm5a,AAGGTGCCATGGCTCTATGT
Kdm5b,TCACCTTCGACTAGTCACGC
Kdm5b,GCTGTGGGCTCACATATCAG
Kdm5b,ATGTGGAAGTGGCAATGACG
Kdm5c,AGACTTACCGAAGGTACTGG
Kdm5c,CACAGTATCTTCGTAGTCGG
Kdm5c,AGTTCAACAGTTATGGACGA
Kdm5d,CCTTCACTACAATAGTTGCA
Kdm5d,GTTGGATCTAAATCTAGCAG
Kdm5d,AAGCAATCTGCAAGGACCGT
Kdm6a,AATTCGTGCTGCAAGTCCAG
Kdm6a,GGCTATTAAAGCATTTCAGG
Kdm7a,ATTAGAGATGTGTCCATGGG
Kdm7a,TTCCAGACAATGTTAGACCT
Kdm7a,TTCATCTGTGACCCAGAGTG
Kmt2a,GCAGCCGTTAGACCTCGAAG
Kmt2a,CTGAGGTGGTATCGATACTG
Kmt2a,GCCAAAGCATCGGATCGAGG
Kmt2b,GTGAACCCTCTACTCCCCGA
Kmt2b,GGGCCTGTTAAGCTCAAAGG
Kmt2b,GACAGCGTTCACATTCCAGG
Kmt2c,TTCTACGCCAACAGAGACCA
Kmt2c,GGTGAAATGGATGATAGTCG
Kmt2c,AAAAGGCCCATTACCCAATG
Kmt2c,AGAACCATTATTAGTAAACG
Kmt2c,AAGCATTACCTGAATCCATG
Kmt2d,TTGTGCTCTCTGTAACTGCG
Kmt2d,GAGCATCCGGCGCATCAATG
Kmt2d,AAATGGCTGTTGATCCCATG
Kmt2d,GTTCACCATTAATACCCCCA
Kmt2d,TGGGGATGGACAGCCCGACG
Kmt2e,TCTGTGTCAGACCTTCAACT
Kmt2e,AACAGTCCGTCCAAAACCAG
Kmt2e,GGATCTGTAGTTATGCGCAG
Meaf6,CCAATAGCAAAAACGACCGG
Meaf6,ATGTATGGCAATATTATCCG
Meaf6,CGCCGGGTGTCTGGGATCTG
Men1,TCCTCACTCTTGGATAACAG
Men1,GCGCTGCGACCGTAAGATGG
Men1,CACAGCGCCGCGGATCTGAG
Mllt1,AGCTTCCCTAAACCCAAGCG
Mllt1,TAGGTGATGGTAATGCCCGA
Mllt1,CTGCTCTCTGAGTCCTTGCG
Mllt10,TGCATGACATGTAATAAACA
Mllt10,GGCCGAGGAAGCTCGCCCCG
Mllt10,TTCAAGTACCTACTGGACCG
Morf4l1,GTAGCACCTGGAAATGGAGA
Morf4l1,GCCTCTTCTCTATGAAGCAA
Morf4l1,CTTGATCACCAGACAGAAGC
Morf4l2,TCCGCACAGAACCGGAAGGG
Morf4l2,GCCAATTGTAAGAAGTCGCA
Morf4l2,GGCACGGGCTGACCCCACTG
Ncoa6,GTGCCCAACTTGTTACACAT
Ncoa6,GATGACATGTTCCCGCCCTG
Ncoa6,TGAACCATAGGATTCCGACC
Ncoa6,GCTGTTATGACGCCCCAGGG
Ncoa6,TGTGCCCAACTTGTTACACA
Pagr1a,TGAAGAGGAGAGATCAGACG
Pagr1a,TGTCTCGGCTAGTAAGGCCG
Pagr1a,AAGCAGAGATCCTACCCCGC
Paxip1,GCCTTGGTTACGTTCCACGG
Paxip1,AGTCAGTAGTATGTACACAC
Paxip1,GGTCAGAAATACTAGGGACC
Pcna,GCGCAGAGTAAGCTGTACCA
Pcna,GATATCCTGTGCAAAGAATG
Pcna,TGCTTCGAATACTAGTGCTA
Phf8,GGTTTAGTGAAAAAACGTCG
Phf8,CCTGCCATTAGCCATCAACA
Phf8,GCTGACTGCAAGATGAAACT
Prdm9,ACACATGAAAGCTGGTCTAG
Prdm9,CAGGAACTGGGCATTAAGTG
Prdm9,TCTGACACTCAGATTACCAA
Prmt6,TTAGCGACCAGATGCTCGAG
Prmt6,GGTGCAGGATCTGTCCGGAG
Prmt6,TGAGCTCCGTGCTCCACGCG
Psip1,AGAGAGGACGACCTGCAGGT
Psip1,GAAAAATTTAGCTAAACCAG
Psip1,AAAAGAGACTAACGTTTCAA
Psma1,CCATATTGGTATCTCAATTG
Psma1,TCCCAACACAGCGATATGGC
Psma1,GACAGGTTTGGAAAATATGA
Rb1,TCTTACCAGGATTCCATCCA
Rb1,TACGTTCAGAATCCACGGGA
Rbbp5,AAACTCAATTGATTTAATGG
Rbbp5,TCTTAAACATACTGATCTCG
Rbbp5,CCTTACCACAAAGAACAGAC
Ruvbl1,CATCGACAAAAAGCACTCCA
Ruvbl1,CACACTCACCAATGGCCCTG
Ruvbl1,TCTCTCTGTCTACAGAGGCA
Ruvbl2,TGGCTGTGAATGGTGTGTCG
Ruvbl2,GATGACGTCAATCTCATGGA
Ruvbl2,GCGCTCACTCCCACATCCGG
Setd1a,GTAGACTGGGCCAAGAGTGG
Setd1a,GATCGACTTGGGGCACAGTG
Setd1a,CCCCGCACTCGAAAGCACCT
Setd1b,TCATTATGTCCACAACTCAG
Setd1b,TCACAGGAAACAGTCCCGGT
Setd1b,AAGCGGGACCCCAAAAGCGT
Setd7,AGGAGTACGACTCTGACGGG
Setd7,GTGACAGTGCAGAACCCGTG
Setd7,GCCACACTTTGAAGTGACGT
Setd8,GAACTCGGTTGCCCATCATG
Setd8,CTGCTTACCCCGTCGCTGCG
Setd8,TCACAGATTTCTACCCTGTG
Sin3a,TATGCCTCTTGTAAACGACT
Sin3a,TAAAGCCCATGATCAGATCA
Sin3a,AACGTGGGGATGCATATGGT
Sin3b,TGAGGACCGACAGATCCTAG
Sin3b,CTCCAAGAAGACGCCCTACG
Sin3b,ATGTCTATACGGTATCCAAG
Sirt6,TGTTCACCGACCTGAAGTCG
Sirt6,CGAGGGCCGAGCATTCTCGA
Sirt6,ACAGATCTTCGACCCACCAG
Smyd1,GTTTCACACGCAGATGAGGT
Smyd1,TCTGGGTAGATCAACTGCAA
Smyd1,CACCCGCCACATGATGCGGG
Smyd2,AGTCAGACTCAACCTACTCA
Smyd2,GTGCCGGGAGTGTACAACCA
Smyd2,GTTCTCCCCCAAAACAACCA
Spop,AAAGGTTCCTGAATGCCGGT
Spop,TGTTTGCGAGTAAACCCGAA
Spop,TTCGTGCAAGGCAAAGACTG
Stag2,CGAGTCCTACAAGCATGACC
Stag2,GGTCAAGAAGCGCTATGTCC
Stag2,ATTTCGACATACAAGCACCC
Stag2,CTTACTTTAGCTAATAACTG
Stag2,TTTCCTTCCATTCTAGTCGG
Stk11,GTGGTGGGCCGCAGTCACAA
Stk11,CCACTCTCTGACCTACTCCG
Tada1,TTTCCTTCTCGACACAACTG
Tada1,CCAAAATCTGACAACGTGTG
Tada1,CCTTCAAGTTGGCCTCGCGT
Tada3,GAAGGTCTGTCCCCGCTACA
Tada3,TGAGGAGGTACGGACACTAG
Tada3,AAATATTATCTCCCCTATGG
Trrap,ACGTCGTGTAAAGCACCTGG
Trrap,ACCAAGGGATCCATCAACAT
Trrap,CCACATATCTGGCCGTAGAG
Wdr5,AGGGAATATCTGATGTAGCG
Wdr5,GGATATGGGACGTGAAGACA
Wdr5,GATAAACTCATTAAAATTTG
Wdr82,TTACCTTATCAAAAGAACGA
Wdr82,TAGGGCCTCATGCATCTACA
Wdr82,AGTATGATAGGACCTGTGAG
Yeats4,ATAAACGATTGGCTTAACGA
Yeats4,AAGCCCTACAGAAACGAGGT
Yeats4,CTGACACCAATGCCATGCTG
Zmynd8,AACGGGATCCAACTTACACA
Zmynd8,CACTTAGCGTGATAAACCCG
Zmynd8,TTACCGTCTTGCTTAGGCGA
Chtop,ATGTCTCTAAATGAGCGGTG
Chtop,GTAAGAGTAATATCCAGGCA
Chtop,TGCCCCGAGGAGGACTACGT
Mef2c,GGAGGTCTATGTGTTACACC
Mef2c,CATAAGAGGAGTCAGGATCG
Mef2c,AGTGTCCAGCCATAACAGTT
Nsd2,AATCTGATAATAAGACTAGG
Nsd2,GCAGAGGCTGAACCTAAGCG
Nsd2,GCACCAGCTCACATTGACAT
Riox1,CACCAAGCTGAATGTCAGGA
Riox1,GCGCCAGGAGCCACTCGAAG
Riox1,GAGCCACTCGAAGAGGCGGG
Zfp64,CAAGACGTGCGACTACGCGG
Zfp64,CGAGTCCTCCCGCATAAACG
Zfp64,GGTTCCCCTTCATGGTACAG
Prr12,GGCTCCATAGTGAACGACTG
Prr12,GGGAAGCAGATAGACGTGAG
Prr12,TGTGGGACCACCTAACTCGG
NT1,CACGGGCAGCGATCTAGTTG
NT2,TAGTAAAAAATTCGCCCTCC
NT3,GCGTGACGTCCCACCCTGAG
NT4,GGTAACATAGGCGGCGATCT
NT5,GCTCCAGGTGCGAGATAGGC
NT6,ATAACTTACTCGTTACGACT
NT7,GCAATAGTCGCACGGGTGAT
NT8,ACCGTACAAGACTCGCTCCA
NT9,GCGCCTAGGGTTCCGACTCA
NT10,CTTCACGCCTTGGACCGATA
sgSafe,TCTCTAGCAAAAACTCGTTT
sgSafe,CAAAATTGCATTCCCTCGTT
sgSafe,ATACCACTTCTTCGGGGGTT
sgSafe,AGCAGATGAAATTCAAAGTT
sgSafe,TCTTTCCAGATCTCAAAGTT
sgSafe,ATTCTTATACTAAGTGAGTT
sgSafe,CCAACCTAGAGTCTACAGTT
sgSafe,AATTTCTCCCTAAGGTTGTT
sgSafe,CAATGAGGGTACAGGACGTT
sgSafe,ACCAATAGAGACATCTAGTT
sgSafe,ACATTCCTTAATCTCAAGTT
sgSafe,CAGGAACGCGTTCTAAAGTT
sgSafe,ATATAATATAAGTGAGTGTT
sgSafe,TGAAGTAATGCTTTACAGTT
sgSafe,TGAGTTGTATGTCTGTTGTT
sgSafe,AGTACACTATAGTGGCTAGT
sgSafe,AGTATAACTCCTGAAAGAGT
sgSafe,ACCCACATACCCAGAAAAGT
sgSafe,ATTAGTGTTAAGGCACAAGT
sgSafe,GCATTAAAAATCTAGAAGGT
sgSafe,TGAAGTGAGTAGCTACCTGT
sgSafe,ATGTAGGAGCTATAACATCG
sgSafe,TAAAGAACCATAAGGAATGG
sgSafe,TATCGTGGGCTATGACTTGG
sgSafe,ATCTATCTATATTAGAATCG
sgSafe,AACTAAATGTCTGCATAAAG
sgSafe,GCCTCAAAGACATTAATCAG
sgSafe,TTAGATCTATAGTTAGTTGG
sgSafe,GGAAGAAATAATATCTGTTG
sgSafe,TATACCATTCCAGAATGTCG
uncloned,AGAGACGACTTACGTCTCT
tuba-seq-v2_Spike-in-1,GAGTTCTGCCTCAAGCAAGT
tuba-seq-v2_Spike-in-2,GTTGAATCGTCCGTACATGT
tuba-seq-v2_Spike-in-3,TATACTTGCACCATGCCATA